{
  "train_loss": [
    0.709352583438158,
    0.715032123029232,
    0.7160290300846099,
    0.7037413071841001,
    0.7001681789755821,
    0.7105894848704338,
    0.7196919124573469,
    0.7098686955869198,
    0.7123833917081356,
    0.7073751660063863
  ],
  "val_detections": [
    4.85,
    4.85,
    4.85,
    4.85,
    4.85,
    4.85,
    4.85,
    4.85,
    4.85,
    4.85
  ],
  "val_high_conf": [
    2.425,
    2.425,
    2.425,
    2.425,
    2.425,
    2.425,
    2.425,
    2.425,
    2.425,
    2.425
  ],
  "epochs": [
    1,
    2,
    3,
    4,
    5,
    6,
    7,
    8,
    9,
    10
  ],
  "language": "english"
}