{
  "train_loss": [
    0.7387776430696249,
    0.2488988334313035,
    0.15593625027686359,
    0.11786351799964905,
    0.10269276625476778,
    0.08765216618776321,
    0.08427492971532047,
    0.0790511247701943,
    0.07490047365427017,
    0.07111349711194634,
    0.07731052045710385,
    0.07463747109286487,
    0.07907484513707459,
    0.07234959988854825,
    0.06773379356600344,
    0.06343509941361844,
    0.05470326412469149,
    0.05142607525922358,
    0.04679263650905341,
    0.04340379994828254
  ],
  "val_detections": [
    4.95,
    4.95,
    4.95,
    4.95,
    4.95,
    4.95,
    4.95,
    4.95,
    4.95,
    4.95,
    4.95,
    4.95,
    4.95,
    4.95,
    4.95,
    4.95,
    4.95,
    4.95,
    4.95,
    4.95
  ],
  "epochs": [
    1,
    2,
    3,
    4,
    5,
    6,
    7,
    8,
    9,
    10,
    11,
    12,
    13,
    14,
    15,
    16,
    17,
    18,
    19,
    20
  ]
}