{
  "train_loss": [
    1.4266878381371497,
    1.3881891421973704,
    1.3949839450418948,
    1.3998295366764069,
    1.4206087164580823,
    1.3962995111942291,
    1.456542494148016,
    1.4671991132199764,
    1.4190225563943386,
    1.4284170381724834
  ],
  "val_detections": [
    0.55,
    0.55,
    0.55,
    0.55,
    0.55,
    0.55,
    0.55,
    0.55,
    0.55,
    0.55
  ],
  "val_high_conf": [
    0.125,
    0.125,
    0.125,
    0.125,
    0.125,
    0.125,
    0.125,
    0.125,
    0.125,
    0.125
  ],
  "epochs": [
    1,
    2,
    3,
    4,
    5,
    6,
    7,
    8,
    9,
    10
  ],
  "language": "indonesian"
}